Wall time,Step,Value
1701829157.2548022,468,0.4284000098705292
1701829180.0472379,937,0.6122000217437744
1701829203.8208172,1406,0.6658999919891357
1701829227.0576668,1875,0.7605999708175659
1701829250.2160213,2344,0.8237000107765198
1701829273.747251,2813,0.8420000076293945
1701829297.4185262,3282,0.8284000158309937
1701829321.2098927,3751,0.8467000126838684
1701829344.8708804,4220,0.8467000126838684
1701829368.1983268,4689,0.8787000179290771
