Wall time,Step,Value
1701829399.053724,468,0.47620001435279846
1701829422.4412217,937,0.6452000141143799
1701829446.216235,1406,0.7746999859809875
1701829470.0430915,1875,0.8112000226974487
1701829493.625692,2344,0.8048999905586243
1701829517.3968108,2813,0.8349000215530396
1701829540.9344275,3282,0.8572999835014343
1701829564.043628,3751,0.8468999862670898
1701829587.344025,4220,0.8486999869346619
1701829611.0504284,4689,0.8826000094413757
