Wall time,Step,Value
1701832575.1087687,156,0.3400000035762787
1701832589.7510219,313,0.3319000005722046
1701832603.8405166,470,0.446399986743927
1701832618.080654,627,0.6333000063896179
1701832632.6437829,784,0.6988999843597412
1701832647.3303618,941,0.679099977016449
1701832661.928551,1098,0.8179000020027161
1701832676.469255,1255,0.8327999711036682
1701832691.0667984,1412,0.8133999705314636
1701832705.4869049,1569,0.8095999956130981
