Wall time,Step,Value
1701821555.3936548,468,0.6571999788284302
1701821570.8905635,937,0.7939000129699707
1701821585.8407557,1406,0.8145999908447266
1701821600.8412242,1875,0.8321999907493591
1701821615.9234035,2344,0.8529999852180481
1701821630.984976,2813,0.8400999903678894
1701821645.9925184,3282,0.8263999819755554
1701821661.4453263,3751,0.8535000085830688
1701821676.5983667,4220,0.8288000226020813
1701821691.6849766,4689,0.8511999845504761
