Wall time,Step,Value
1701830609.146063,468,1.575925350189209
1701830633.2329543,937,1.3997162580490112
1701830657.7401762,1406,0.8042793869972229
1701830681.5280735,1875,0.5680882334709167
1701830705.1405582,2344,0.5321198105812073
1701830728.8704708,2813,0.4541007876396179
1701830751.804657,3282,0.3795745372772217
1701830774.1671767,3751,0.39058253169059753
1701830797.2817998,4220,0.5075833201408386
1701830820.4256465,4689,0.49409419298171997
