Wall time,Step,Value
1701824073.1298325,156,0.3806999921798706
1701824080.9880533,313,0.4975000023841858
1701824088.9661527,470,0.6539000272750854
1701824096.8503022,627,0.802299976348877
1701824104.7151163,784,0.8147000074386597
1701824112.6556318,941,0.8478999733924866
1701824120.5384455,1098,0.8766000270843506
1701824128.370254,1255,0.8944000005722046
1701824136.20998,1412,0.892799973487854
1701824144.021902,1569,0.9143999814987183
