Wall time,Step,Value
1701832880.3573353,156,1.9529509544372559
1701832894.7051027,313,1.7153048515319824
1701832908.8721163,470,1.4034807682037354
1701832923.432809,627,1.2197716236114502
1701832937.7297058,784,0.9722950458526611
1701832952.3820612,941,1.0761044025421143
1701832966.6993334,1098,0.6573501229286194
1701832980.7443626,1255,0.5980129837989807
1701832994.4694347,1412,0.6223670244216919
1701833008.8871913,1569,0.5835272073745728
