Wall time,Step,Value
1701828919.4738774,468,0.43939998745918274
1701828942.4501517,937,0.6144000291824341
1701828965.6190257,1406,0.7698000073432922
1701828988.7918882,1875,0.823199987411499
1701829011.7803195,2344,0.8173999786376953
1701829034.6228437,2813,0.8486999869346619
1701829057.3428364,3282,0.8230000138282776
1701829080.7160535,3751,0.8633999824523926
1701829103.774148,4220,0.8604000210762024
1701829126.650285,4689,0.8664000034332275
