Wall time,Step,Value
1701834949.1134448,937,0.5473281741142273
1701834986.4512217,1875,0.5140295028686523
1701835022.8244734,2813,0.27604714035987854
1701835058.7439473,3751,0.2633149027824402
1701835094.621303,4689,0.24658715724945068
1701835131.330952,5627,0.2754822373390198
1701835167.1897712,6565,0.25129434466362
1701835203.364964,7503,0.22229404747486115
1701835239.60818,8441,0.2921285629272461
1701835276.0489357,9379,0.26389989256858826
