Wall time,Step,Value
1701820621.8999765,468,0.4681999981403351
1701820636.9962113,937,0.5206000208854675
1701820652.1495,1406,0.5665000081062317
1701820667.2976904,1875,0.5338000059127808
1701820682.3975883,2344,0.5479000210762024
1701820697.5421038,2813,0.5516999959945679
1701820712.6144683,3282,0.5755000114440918
1701820727.6246471,3751,0.5684999823570251
1701820742.8006146,4220,0.5412999987602234
1701820757.910179,4689,0.5945000052452087
