Wall time,Step,Value
1701837170.8175263,937,0.5903872847557068
1701837207.4723632,1875,0.4166509807109833
1701837243.2761562,2813,0.3530500829219818
1701837279.3991647,3751,0.34233081340789795
1701837315.645541,4689,0.2965996265411377
1701837351.7424188,5627,0.33000051975250244
1701837387.6491642,6565,0.30526891350746155
1701837424.1127908,7503,0.27337563037872314
1701837460.581244,8441,0.30344653129577637
1701837496.50855,9379,0.29301488399505615
