Wall time,Step,Value
1701758707.2469592,937,1.1555641889572144
1701758766.2495399,1875,1.2514747381210327
1701758825.5199842,2813,1.174792766571045
1701758884.8607142,3751,1.2439837455749512
1701758943.1759057,4689,1.2153911590576172
1701759001.4505591,5627,1.2352482080459595
1701759060.4318614,6565,1.1416789293289185
1701759119.0394893,7503,1.1937369108200073
1701759176.805377,8441,1.1882071495056152
1701759235.705327,9379,1.1926788091659546
