Wall time,Step,Value
1701831352.0766587,156,1.9487802982330322
1701831366.8955097,313,1.8058494329452515
1701831381.6028392,470,1.5102490186691284
1701831396.3064508,627,1.2370291948318481
1701831411.0705051,784,0.9342036247253418
1701831425.966394,941,1.2681115865707397
1701831440.510403,1098,0.733372688293457
1701831454.9625592,1255,0.6875770688056946
1701831469.4795861,1412,0.6218812465667725
1701831483.6169086,1569,0.6355283260345459
