Wall time,Step,Value
1701828205.7448332,468,1.5190123319625854
1701828228.9750543,937,1.4644148349761963
1701828251.4688325,1406,0.9889311790466309
1701828273.9144719,1875,0.7932835221290588
1701828296.9408457,2344,0.5758896470069885
1701828319.678785,2813,0.614923894405365
1701828342.9166648,3282,0.5786586403846741
1701828365.6017854,3751,0.5960292220115662
1701828388.8071613,4220,0.9829455018043518
1701828412.2360845,4689,0.6836739778518677
