Wall time,Step,Value
1701831352.0765433,156,0.32910001277923584
1701831366.895407,313,0.3093999922275543
1701831381.602706,470,0.4262999892234802
1701831396.3063745,627,0.5748000144958496
1701831411.0703986,784,0.7063999772071838
1701831425.966228,941,0.6238999962806702
1701831440.510307,1098,0.7784000039100647
1701831454.9624083,1255,0.7692000269889832
1701831469.4794335,1412,0.7982000112533569
1701831483.6168025,1569,0.7882999777793884
