Wall time,Step,Value
1701820466.63264,468,2.952908515930176
1701820481.6876261,937,3.039531946182251
1701820496.8354359,1406,3.075634241104126
1701820512.018775,1875,3.3208179473876953
1701820527.1643748,2344,3.308659076690674
1701820542.198178,2813,3.3962340354919434
1701820557.4510784,3282,3.3060476779937744
1701820572.5480852,3751,3.5032448768615723
1701820587.6236408,4220,3.6959891319274902
1701820602.6829302,4689,3.6611862182617188
