Wall time,Step,Value
1701832421.4921336,156,1.9209051132202148
1701832435.7733788,313,1.773221492767334
1701832450.4981554,470,1.3999335765838623
1701832465.261575,627,1.2865700721740723
1701832480.0694318,784,0.869769811630249
1701832494.80453,941,1.0372815132141113
1701832509.6043532,1098,0.593871533870697
1701832524.117249,1255,0.6016560196876526
1701832538.4107194,1412,0.5765655636787415
1701832552.6315448,1569,0.570864200592041
