Wall time,Step,Value
1701835319.4054446,937,0.5739647746086121
1701835355.1325195,1875,0.44168365001678467
1701835391.752263,2813,0.36726856231689453
1701835427.7758083,3751,0.49297797679901123
1701835464.41033,4689,0.26910820603370667
1701835500.6303468,5627,0.31775233149528503
1701835536.9855196,6565,0.370771199464798
1701835573.0222611,7503,0.23513588309288025
1701835608.9821408,8441,0.3425140678882599
1701835644.825164,9379,0.2752799093723297
