Wall time,Step,Value
1701823740.9062698,156,0.36390000581741333
1701823748.7612147,313,0.4871000051498413
1701823756.6481724,470,0.618399977684021
1701823764.6298811,627,0.7001000046730042
1701823772.5383184,784,0.7045000195503235
1701823780.4341998,941,0.7315000295639038
1701823788.3151605,1098,0.711899995803833
1701823796.1671975,1255,0.7358999848365784
1701823803.9723353,1412,0.7348999977111816
1701823811.8132155,1569,0.7470999956130981
