Wall time,Step,Value
1701833648.7276874,937,0.7994999885559082
1701833684.7341168,1875,0.8112000226974487
1701833721.2821538,2813,0.8651000261306763
1701833757.3771026,3751,0.8694000244140625
1701833793.8753345,4689,0.8766000270843506
1701833829.7207015,5627,0.8661999702453613
1701833866.0233023,6565,0.8787000179290771
1701833903.1993492,7503,0.9031000137329102
1701833939.6092703,8441,0.8669000267982483
1701833976.0290158,9379,0.8720999956130981
