Wall time,Step,Value
1701827965.3758855,468,1.5032988786697388
1701827988.9730961,937,1.1999601125717163
1701828012.1430302,1406,0.563856840133667
1701828035.3832917,1875,0.413040429353714
1701828059.008,2344,0.43807709217071533
1701828082.1477973,2813,0.331667423248291
1701828105.8511333,3282,0.25136512517929077
1701828128.9343019,3751,0.27435868978500366
1701828151.608878,4220,0.24096855521202087
1701828175.093179,4689,0.2977637052536011
