Wall time,Step,Value
1701823823.7146752,156,0.35100001096725464
1701823831.5512357,313,0.48190000653266907
1701823839.4021258,470,0.6840000152587891
1701823847.2459502,627,0.7454000115394592
1701823855.074779,784,0.7390999794006348
1701823862.931374,941,0.7549999952316284
1701823870.8207743,1098,0.7544000148773193
1701823878.7239525,1255,0.7610999941825867
1701823886.5949697,1412,0.7724999785423279
1701823894.5216436,1569,0.7748000025749207
