Wall time,Step,Value
1701831658.942479,156,1.954334020614624
1701831673.405249,313,1.727474570274353
1701831688.4314415,470,1.3961724042892456
1701831703.0021772,627,1.1991846561431885
1701831717.3433113,784,1.066754698753357
1701831732.2648118,941,0.9765238165855408
1701831746.3582237,1098,0.6767414808273315
1701831760.8913925,1255,0.5448409914970398
1701831775.411187,1412,0.5682258009910583
1701831789.7678366,1569,0.4924386143684387
