Wall time,Step,Value
1701822021.2178788,468,1.3966100215911865
1701822036.337144,937,0.5911837816238403
1701822051.4467075,1406,0.38597559928894043
1701822066.5179026,1875,0.391789972782135
1701822081.4771175,2344,0.268190860748291
1701822096.5328536,2813,0.23870278894901276
1701822111.618722,3282,0.2612679600715637
1701822126.62585,3751,0.18754622340202332
1701822141.7475626,4220,0.2293938249349594
1701822156.7789245,4689,0.19323769211769104
