Wall time,Step,Value
1701831201.07684,156,0.3409999907016754
1701831215.9708817,313,0.349700003862381
1701831230.6811466,470,0.5094000101089478
1701831245.5521684,627,0.6297000050544739
1701831259.5098758,784,0.7817999720573425
1701831271.887546,941,0.6115000247955322
1701831286.8437285,1098,0.861299991607666
1701831301.5243945,1255,0.8906000256538391
1701831316.0030713,1412,0.8682000041007996
1701831330.3983974,1569,0.8697999715805054
