Wall time,Step,Value
1701828919.473986,468,1.5511263608932495
1701828942.4502606,937,1.1868479251861572
1701828965.6191082,1406,0.751134991645813
1701828988.7920108,1875,0.5721904039382935
1701829011.7803977,2344,0.5817974805831909
1701829034.6230068,2813,0.489182710647583
1701829057.342925,3282,0.554316520690918
1701829080.7161727,3751,0.46689677238464355
1701829103.7743146,4220,0.45457011461257935
1701829126.650374,4689,0.42202386260032654
