Wall time,Step,Value
1701836058.6506798,937,0.8389999866485596
1701836095.4318366,1875,0.8597000241279602
1701836132.029183,2813,0.8822000026702881
1701836168.238973,3751,0.907800018787384
1701836204.7828114,4689,0.8999000191688538
1701836241.431246,5627,0.9025999903678894
1701836278.0521822,6565,0.8766000270843506
1701836313.8957014,7503,0.9143999814987183
1701836350.1115527,8441,0.914900004863739
1701836386.9102662,9379,0.9294999837875366
