Wall time,Step,Value
1701832727.0969374,156,1.912675142288208
1701832741.8757346,313,1.7235937118530273
1701832756.128494,470,1.4752144813537598
1701832770.3473673,627,1.4661235809326172
1701832784.9771845,784,0.9865580201148987
1701832799.626,941,1.0066801309585571
1701832814.238925,1098,0.5655232667922974
1701832829.5020852,1255,0.5091222524642944
1701832844.0473058,1412,0.5152114033699036
1701832858.4467773,1569,0.5002985596656799
