Wall time,Step,Value
1701821865.743246,468,0.6608999967575073
1701821880.7817187,937,0.8605999946594238
1701821895.7580166,1406,0.8942000269889832
1701821910.77347,1875,0.901199996471405
1701821926.1320038,2344,0.9157999753952026
1701821941.13648,2813,0.9222000241279602
1701821956.2033813,3282,0.9239000082015991
1701821971.3126006,3751,0.9387999773025513
1701821986.5134292,4220,0.9261999726295471
1701822001.5690866,4689,0.9326000213623047
