Wall time,Step,Value
1701759899.7303514,937,0.695983350276947
1701759958.91331,1875,0.9250166416168213
1701760016.888955,2813,0.944433331489563
1701760075.3628857,3751,0.9517999887466431
1701760134.0544226,4689,0.9557333588600159
1701760191.2438443,5627,0.9595000147819519
1701760248.9972565,6565,0.9616000056266785
1701760306.9973896,7503,0.9626666903495789
1701760364.8880515,8441,0.9648666381835938
1701760423.0411608,9379,0.9681833386421204
