Wall time,Step,Value
1701759899.6951845,937,0.8209999799728394
1701759958.8097227,1875,0.8310999870300293
1701760016.859865,2813,0.8521999716758728
1701760075.3459294,3751,0.8399999737739563
1701760133.9537776,4689,0.8664000034332275
1701760191.2299745,5627,0.8574000000953674
1701760248.9811347,6565,0.8637999892234802
1701760306.9369397,7503,0.8719000220298767
1701760364.8593152,8441,0.8707000017166138
1701760423.01326,9379,0.8687999844551086
