Wall time,Step,Value
1701832268.7399018,156,1.9224483966827393
1701832283.1243472,313,1.628311038017273
1701832297.6217437,470,1.5610759258270264
1701832312.2443926,627,1.4657182693481445
1701832326.7816858,784,1.2241288423538208
1701832341.5121093,941,1.2698097229003906
1701832356.0417178,1098,0.6422853469848633
1701832370.5782764,1255,0.5440519452095032
1701832385.0394838,1412,0.5730650424957275
1701832399.6571236,1569,0.5088232159614563
