Wall time,Step,Value
1701833278.0415413,937,0.8517000079154968
1701833314.679456,1875,0.8788999915122986
1701833351.3712776,2813,0.9240000247955322
1701833388.2453423,3751,0.9286999702453613
1701833424.2683697,4689,0.9142000079154968
1701833460.310317,5627,0.9301000237464905
1701833496.887699,6565,0.9121999740600586
1701833533.2384522,7503,0.9294000267982483
1701833569.0960243,8441,0.9491000175476074
1701833605.445724,9379,0.9538999795913696
