Wall time,Step,Value
1701833648.7278092,937,0.6245722770690918
1701833684.7342308,1875,0.5912457704544067
1701833721.2822354,2813,0.41919341683387756
1701833757.377182,3751,0.4041738510131836
1701833793.8754766,4689,0.3958025872707367
1701833829.7208107,5627,0.43467992544174194
1701833866.0234437,6565,0.3800506293773651
1701833903.1994665,7503,0.29167935252189636
1701833939.6093733,8441,0.44515958428382874
1701833976.0291495,9379,0.4061768352985382
