Wall time,Step,Value
1701832727.0967438,156,0.3334999978542328
1701832741.8755958,313,0.3221000134944916
1701832756.1283972,470,0.45669999718666077
1701832770.3472335,627,0.4514999985694885
1701832784.9770625,784,0.6700000166893005
1701832799.6258898,941,0.6851999759674072
1701832814.238751,1098,0.8176000118255615
1701832829.5019917,1255,0.8360999822616577
1701832844.0471911,1412,0.8307999968528748
1701832858.4466481,1569,0.8392000198364258
