Wall time,Step,Value
1701831201.0770066,156,1.9109816551208496
1701831215.9710507,313,1.7192496061325073
1701831230.6812696,470,1.3975363969802856
1701831245.5522869,627,1.0516430139541626
1701831259.5099857,784,0.6880654096603394
1701831271.8876255,941,1.202355980873108
1701831286.8437939,1098,0.4508223235607147
1701831301.5245972,1255,0.3534550666809082
1701831316.0031686,1412,0.41141313314437866
1701831330.3985572,1569,0.39656418561935425
