Wall time,Step,Value
1701832115.7672753,156,1.9371734857559204
1701832130.3616085,313,1.706616997718811
1701832145.1190133,470,1.3575317859649658
1701832160.4455092,627,1.1773264408111572
1701832174.532809,784,0.9676063656806946
1701832188.8663056,941,1.0289092063903809
1701832202.826481,1098,0.5959213972091675
1701832217.5476577,1255,0.6112675070762634
1701832232.1964366,1412,0.6140381693840027
1701832246.403523,1569,0.5020669102668762
