Wall time,Step,Value
1701834949.113208,937,0.8299000263214111
1701834986.4510512,1875,0.8519999980926514
1701835022.824374,2813,0.9089999794960022
1701835058.7438178,3751,0.9156000018119812
1701835094.6211529,4689,0.9226999878883362
1701835131.330858,5627,0.9147999882698059
1701835167.1896682,6565,0.9210000038146973
1701835203.3648133,7503,0.9282000064849854
1701835239.608059,8441,0.9160000085830688
1701835276.0488107,9379,0.9200999736785889
