Wall time,Step,Value
1701823408.6696646,156,2.6311895847320557
1701823416.6238472,313,3.125756025314331
1701823424.5156205,470,2.8747036457061768
1701823432.4683774,627,2.7525503635406494
1701823440.538118,784,3.0597026348114014
1701823448.38211,941,2.8467302322387695
1701823456.2622378,1098,2.9128880500793457
1701823464.086681,1255,2.77886962890625
1701823471.9748995,1412,2.931119680404663
1701823479.9160664,1569,2.9531712532043457
