Wall time,Step,Value
1701746602.6570196,937,0.6284000277519226
1701746657.443498,1875,0.6554999947547913
1701746711.485301,2813,0.6690000295639038
1701746766.2384307,3751,0.675000011920929
1701746818.9187672,4689,0.6564000248908997
1701746873.8732524,5627,0.6711999773979187
1701746928.5157382,6565,0.6953999996185303
1701746982.4724941,7503,0.6960999965667725
1701747037.6611433,8441,0.6944000124931335
1701747091.4598734,9379,0.6922000050544739
