Wall time,Step,Value
1701824156.0655315,156,1.6481385231018066
1701824163.871401,313,1.4532344341278076
1701824171.653821,470,1.1388806104660034
1701824179.4870698,627,0.7514855265617371
1701824187.4234104,784,0.5842083692550659
1701824195.2757657,941,0.4361089766025543
1701824203.0643573,1098,0.40263819694519043
1701824210.9214592,1255,0.35311025381088257
1701824218.8036318,1412,0.3216637969017029
1701824226.6052969,1569,0.3431682884693146
