Wall time,Step,Value
1701760488.2994277,937,0.5272353291511536
1701760545.7420733,1875,0.3877197802066803
1701760603.6978872,2813,0.3330717384815216
1701760661.5792387,3751,0.34165436029434204
1701760719.3551805,4689,0.33817213773727417
1701760777.1075358,5627,0.4110875427722931
1701760835.090591,6565,0.269046813249588
1701760892.7834804,7503,0.2797597050666809
1701760951.2988236,8441,0.29259157180786133
1701761010.0748231,9379,0.2634778916835785
