Wall time,Step,Value
1701828442.447497,468,0.41370001435279846
1701828465.4414122,937,0.6621000170707703
1701828488.8269444,1406,0.8403000235557556
1701828512.1187158,1875,0.8409000039100647
1701828535.311865,2344,0.8208000063896179
1701828558.5770447,2813,0.8165000081062317
1701828581.0661252,3282,0.8634999990463257
1701828603.983222,3751,0.8228999972343445
1701828626.8289154,4220,0.8603000044822693
1701828650.2222931,4689,0.8619999885559082
