Wall time,Step,Value
1701821555.3937774,468,1.1088560819625854
1701821570.8906763,937,0.6948734521865845
1701821585.8408895,1406,0.6988486051559448
1701821600.8413327,1875,0.6548492908477783
1701821615.9235277,2344,0.49642112851142883
1701821630.9850857,2813,0.5721725821495056
1701821645.9926388,3282,0.6846237182617188
1701821661.4454186,3751,0.5522801280021667
1701821676.598477,4220,0.6283281445503235
1701821691.6850853,4689,0.5863149166107178
