Wall time,Step,Value
1701823408.6695552,156,0.3398999869823456
1701823416.6237404,313,0.3910999894142151
1701823424.5154855,470,0.45829999446868896
1701823432.468268,627,0.48910000920295715
1701823440.5380063,784,0.4733000099658966
1701823448.3820033,941,0.4927999973297119
1701823456.2621293,1098,0.4860000014305115
1701823464.0865538,1255,0.5289999842643738
1701823471.9747891,1412,0.5299000144004822
1701823479.9159596,1569,0.5497000217437744
