Wall time,Step,Value
1701830366.3904638,468,0.375
1701830389.4803584,937,0.6784999966621399
1701830412.9467204,1406,0.8463000059127808
1701830436.2533946,1875,0.871999979019165
1701830459.4867241,2344,0.8482999801635742
1701830483.059601,2813,0.8795999884605408
1701830506.9665353,3282,0.8687000274658203
1701830530.9605873,3751,0.8884999752044678
1701830554.7536929,4220,0.8784000277519226
1701830577.9935951,4689,0.8812999725341797
