Wall time,Step,Value
1701821243.0899487,468,1.4471124410629272
1701821258.188389,937,1.3530243635177612
1701821273.3353577,1406,1.1507172584533691
1701821288.454079,1875,1.317226529121399
1701821303.586092,2344,1.119244933128357
1701821318.5865817,2813,1.3552613258361816
1701821333.5827577,3282,1.3362743854522705
1701821348.5744174,3751,1.2833397388458252
1701821363.5692265,4220,1.3347731828689575
1701821378.5235572,4689,1.2800992727279663
