Wall time,Step,Value
1701835688.4975185,937,0.7925999760627747
1701835725.0624602,1875,0.8560000061988831
1701835761.371256,2813,0.8718000054359436
1701835798.0733366,3751,0.8828999996185303
1701835834.8274105,4689,0.8790000081062317
1701835870.7016964,5627,0.8518999814987183
1701835906.6537411,6565,0.8765000104904175
1701835942.7526884,7503,0.9154999852180481
1701835978.2487092,8441,0.8849999904632568
1701836014.1747198,9379,0.9021999835968018
