Wall time,Step,Value
1701833278.041648,937,0.4606158137321472
1701833314.6795642,1875,0.38814085721969604
1701833351.3713715,2813,0.23466326296329498
1701833388.2454486,3751,0.2173093557357788
1701833424.268512,4689,0.25554588437080383
1701833460.310435,5627,0.20395462214946747
1701833496.887781,6565,0.2793651819229126
1701833533.238525,7503,0.20895175635814667
1701833569.0961323,8441,0.17848199605941772
1701833605.4458554,9379,0.14147162437438965
