Wall time,Step,Value
1701823988.858587,156,0.3686000108718872
1701823997.2414327,313,0.40119999647140503
1701824005.182258,470,0.569599986076355
1701824013.0896301,627,0.7124999761581421
1701824020.9797184,784,0.7552000284194946
1701824028.9361172,941,0.8255000114440918
1701824036.8966794,1098,0.830299973487854
1701824044.8082502,1255,0.8292999863624573
1701824052.6579437,1412,0.8258000016212463
1701824060.613747,1569,0.8619999885559082
