Wall time,Step,Value
1701835688.4976408,937,0.6479349732398987
1701835725.0625877,1875,0.4652722179889679
1701835761.3713841,2813,0.38684070110321045
1701835798.0734067,3751,0.3497762978076935
1701835834.827578,4689,0.37904834747314453
1701835870.701862,5627,0.506676435470581
1701835906.6538744,6565,0.39400774240493774
1701835942.752862,7503,0.2618470788002014
1701835978.248856,8441,0.3738199770450592
1701836014.1748304,9379,0.33150148391723633
