Wall time,Step,Value
1701821243.0898442,468,0.6281999945640564
1701821258.188274,937,0.7177000045776367
1701821273.3352196,1406,0.7523000240325928
1701821288.4539654,1875,0.7572000026702881
1701821303.585975,2344,0.7660999894142151
1701821318.586447,2813,0.7422999739646912
1701821333.5826461,3282,0.7488999962806702
1701821348.574319,3751,0.7608000040054321
1701821363.5691164,4220,0.7548999786376953
1701821378.5234265,4689,0.7493000030517578
