Wall time,Step,Value
1701823325.4278681,156,2.9046761989593506
1701823333.4467435,313,3.2595481872558594
1701823341.4288323,470,3.251631736755371
1701823349.560019,627,3.0010831356048584
1701823357.4210522,784,3.1934192180633545
1701823365.3282337,941,3.059159278869629
1701823373.1382186,1098,3.253342866897583
1701823381.0275977,1255,3.1224141120910645
1701823388.8781939,1412,3.282121181488037
1701823396.7349014,1569,3.510655403137207
