Wall time,Step,Value
1701829642.2262578,468,1.5348422527313232
1701829665.6308825,937,1.0915472507476807
1701829688.9960804,1406,0.6649655699729919
1701829712.564598,1875,0.521599531173706
1701829736.276391,2344,0.4938211441040039
1701829760.0401194,2813,0.44754883646965027
1701829783.4123218,3282,0.32846951484680176
1701829807.0199397,3751,0.48244497179985046
1701829830.720768,4220,0.4423944354057312
1701829854.3442972,4689,0.3814559280872345
