Wall time,Step,Value
1701823906.5011418,156,1.6979907751083374
1701823914.3424585,313,1.6309592723846436
1701823922.1852121,470,1.138948917388916
1701823930.0091248,627,0.8330313563346863
1701823937.8169613,784,0.7025843262672424
1701823945.674501,941,0.6938883662223816
1701823953.499886,1098,0.6068283915519714
1701823961.345027,1255,0.6708242297172546
1701823969.1561656,1412,0.6279374361038208
1701823976.9450083,1569,0.5479583740234375
