Wall time,Step,Value
1701792226.3469098,937,0.6302262544631958
1701792282.1820235,1875,0.28275227546691895
1701792337.3315508,2813,0.2531659007072449
1701792393.7153916,3751,0.2386077344417572
1701792449.8280232,4689,0.2128521203994751
1701792504.312382,5627,0.21545284986495972
1701792559.1521835,6565,0.18037644028663635
1701792614.7335296,7503,0.18035629391670227
1701792670.0925992,8441,0.14335474371910095
1701792725.9759936,9379,0.13133780658245087
