Wall time,Step,Value
1701820466.6325066,468,0.4041999876499176
1701820481.687479,937,0.4580000042915344
1701820496.8353314,1406,0.49000000953674316
1701820512.0186658,1875,0.4708999991416931
1701820527.1642623,2344,0.4821999967098236
1701820542.198077,2813,0.49779999256134033
1701820557.450942,3282,0.519599974155426
1701820572.547948,3751,0.501800000667572
1701820587.6235406,4220,0.49140000343322754
1701820602.6827412,4689,0.5174000263214111
