Wall time,Step,Value
1701827965.3756921,468,0.45669999718666077
1701827988.9730244,937,0.6054999828338623
1701828012.1429114,1406,0.8230000138282776
1701828035.3832085,1875,0.8756999969482422
1701828059.0078576,2344,0.8586000204086304
1701828082.1476617,2813,0.8935999870300293
1701828105.8510137,3282,0.916700005531311
1701828128.934231,3751,0.909500002861023
1701828151.608783,4220,0.9241999983787537
1701828175.0930305,4689,0.9049000144004822
