Wall time,Step,Value
1701837540.4547093,937,0.8220999836921692
1701837577.5775352,1875,0.8657000064849854
1701837614.0946062,2813,0.8903999924659729
1701837650.0049357,3751,0.8956999778747559
1701837686.0356529,4689,0.9021999835968018
1701837722.7204363,5627,0.9082000255584717
1701837759.270537,6565,0.8921999931335449
1701837796.0932107,7503,0.9106000065803528
1701837832.9621594,8441,0.9021000266075134
1701837869.2079325,9379,0.9078999757766724
