Wall time,Step,Value
1701823325.4277565,156,0.3231000006198883
1701823333.4466214,313,0.38269999623298645
1701823341.428711,470,0.40700000524520874
1701823349.5599039,627,0.4291999936103821
1701823357.4209409,784,0.45879998803138733
1701823365.3281262,941,0.45210000872612
1701823373.1380632,1098,0.4666999876499176
1701823381.0274737,1255,0.4632999897003174
1701823388.8780818,1412,0.4733000099658966
1701823396.7347748,1569,0.4880000054836273
