Wall time,Step,Value
1701831811.6456244,156,0.33899998664855957
1701831826.0846953,313,0.3221000134944916
1701831840.4525719,470,0.3043999969959259
1701831854.5702512,627,0.4401000142097473
1701831869.28529,784,0.4632999897003174
1701831883.5075023,941,0.6473000049591064
1701831897.7248592,1098,0.7250000238418579
1701831912.3261154,1255,0.7840999960899353
1701831926.490475,1412,0.7829999923706055
1701831940.8863928,1569,0.8083000183105469
