Wall time,Step,Value
1701759301.5993364,937,0.9917850494384766
1701759361.3339539,1875,1.0148414373397827
1701759420.123,2813,0.9612659215927124
1701759478.4102597,3751,1.0259867906570435
1701759537.9864087,4689,0.8964217901229858
1701759596.789184,5627,0.8808764815330505
1701759655.0896792,6565,0.8591897487640381
1701759713.545243,7503,1.1201121807098389
1701759772.637287,8441,1.0322656631469727
1701759832.924233,9379,0.9151288866996765
