Wall time,Step,Value
1701821088.0209906,468,0.5997999906539917
1701821103.1471152,937,0.6815000176429749
1701821118.2939787,1406,0.708299994468689
1701821133.353982,1875,0.7204999923706055
1701821148.5286295,2344,0.7145000100135803
1701821163.6204453,2813,0.7202000021934509
1701821178.7547357,3282,0.7182999849319458
1701821193.7698114,3751,0.7218000292778015
1701821208.7225082,4220,0.7074000239372253
1701821223.9220657,4689,0.7286999821662903
