Wall time,Step,Value
1701824238.5956657,156,0.3749000132083893
1701824246.4617918,313,0.4122999906539917
1701824254.265048,470,0.6115999817848206
1701824262.0475457,627,0.6775000095367432
1701824269.9697213,784,0.7810999751091003
1701824277.819982,941,0.8733999729156494
1701824285.6867194,1098,0.8610000014305115
1701824293.5093925,1255,0.8841999769210815
1701824301.3212166,1412,0.9027000069618225
1701824309.200095,1569,0.9061999917030334
