Wall time,Step,Value
1701759899.695408,937,0.5680680274963379
1701759958.8098252,1875,0.5983015894889832
1701760016.8599534,2813,0.5273460745811462
1701760075.3461363,3751,0.632682740688324
1701760133.953893,4689,0.4732542335987091
1701760191.230118,5627,0.5170646905899048
1701760248.9812787,6565,0.5618866682052612
1701760306.9370835,7503,0.48945337533950806
1701760364.859406,8441,0.5007737874984741
1701760423.0133858,9379,0.5528990030288696
