Wall time,Step,Value
1701758109.1064405,937,0.6850000023841858
1701758168.8520856,1875,0.7124000191688538
1701758228.6398857,2813,0.722000002861023
1701758287.417271,3751,0.7145000100135803
1701758345.6901336,4689,0.7145000100135803
1701758404.3124812,5627,0.6996999979019165
1701758463.3895242,6565,0.7293000221252441
1701758522.5019188,7503,0.738099992275238
1701758581.773383,8441,0.7211999893188477
1701758641.4619408,9379,0.7321000099182129
