Wall time,Step,Value
1701829885.0524256,468,1.4789423942565918
1701829908.4859853,937,1.0673415660858154
1701829931.6204195,1406,0.7185995578765869
1701829955.147335,1875,0.6428696513175964
1701829978.8228154,2344,0.6611151099205017
1701830002.2252994,2813,0.5584911704063416
1701830024.9396324,3282,0.6103989481925964
1701830048.3928893,3751,0.5679214596748352
1701830072.002242,4220,0.37487804889678955
1701830094.8080647,4689,0.3650425672531128
