Wall time,Step,Value
1701821711.0359485,468,1.285217523574829
1701821726.1498857,937,0.557742714881897
1701821741.2154124,1406,0.4482558071613312
1701821756.4290168,1875,0.4659147560596466
1701821771.5932858,2344,0.4040597975254059
1701821786.649058,2813,0.34758660197257996
1701821801.66951,3282,0.40158721804618835
1701821816.6714027,3751,0.3719227910041809
1701821831.6632104,4220,0.44001221656799316
1701821846.634976,4689,0.32429274916648865
