Wall time,Step,Value
1701832115.767114,156,0.3337000012397766
1701832130.361498,313,0.3402999937534332
1701832145.1189218,470,0.5131999850273132
1701832160.4454029,627,0.5879999995231628
1701832174.5326595,784,0.6819999814033508
1701832188.8661952,941,0.6865000128746033
1701832202.826386,1098,0.8082000017166138
1701832217.5475295,1255,0.7942000031471252
1701832232.1963015,1412,0.7990000247955322
1701832246.403385,1569,0.8352000117301941
