Wall time,Step,Value
1701820932.9192955,468,2.206404447555542
1701820948.081284,937,2.2812395095825195
1701820963.171368,1406,2.2610528469085693
1701820978.2456481,1875,2.453338384628296
1701820993.2692807,2344,2.175806999206543
1701821008.4242094,2813,2.2553586959838867
1701821023.590427,3282,2.433450222015381
1701821038.7656455,3751,2.370582342147827
1701821053.8466754,4220,2.3407695293426514
1701821068.9482381,4689,2.308143138885498
