Wall time,Step,Value
1701836802.122982,937,0.8510000109672546
1701836838.5213847,1875,0.8675000071525574
1701836874.8917177,2813,0.8809999823570251
1701836910.606404,3751,0.8833000063896179
1701836946.6515253,4689,0.8819000124931335
1701836982.249574,5627,0.8912000060081482
1701837018.5752404,6565,0.8928999900817871
1701837054.6872807,7503,0.911300003528595
1701837090.505661,8441,0.9093000292778015
1701837126.816033,9379,0.9096999764442444
