Wall time,Step,Value
1701823574.5745935,156,2.181692600250244
1701823582.4818575,313,2.3159162998199463
1701823590.3232594,470,2.2510523796081543
1701823598.1409297,627,2.1025094985961914
1701823605.999812,784,2.157457113265991
1701823613.8754547,941,2.169344186782837
1701823621.7484236,1098,2.214474678039551
1701823629.6101093,1255,2.3488757610321045
1701823637.4805286,1412,2.1955695152282715
1701823645.3117774,1569,2.280594825744629
