Wall time,Step,Value
1701823491.8126326,156,2.3790903091430664
1701823499.6562097,313,2.559314727783203
1701823507.5218034,470,2.480564832687378
1701823515.399769,627,2.2740371227264404
1701823523.3008316,784,2.3733253479003906
1701823531.295171,941,2.3565986156463623
1701823539.1122572,1098,2.4204349517822266
1701823546.932139,1255,2.421022653579712
1701823554.7928057,1412,2.537876605987549
1701823562.581852,1569,2.6514346599578857
