Wall time,Step,Value
1701793346.9884088,937,0.7893000245094299
1701793402.8178325,1875,0.9218999743461609
1701793458.0286837,2813,0.9369999766349792
1701793513.8485463,3751,0.9427000284194946
1701793568.8674133,4689,0.9509000182151794
1701793624.5643,5627,0.9251000285148621
1701793679.074358,6565,0.9563000202178955
1701793733.3579097,7503,0.9606999754905701
1701793789.2566845,8441,0.9592999815940857
1701793843.5959468,9379,0.9610999822616577
