Wall time,Step,Value
1701758109.106598,937,1.5516657829284668
1701758168.8522546,1875,1.8743994235992432
1701758228.639975,2813,1.8613767623901367
1701758287.417488,3751,1.9117728471755981
1701758345.6903605,4689,1.8218764066696167
1701758404.3125658,5627,1.8300882577896118
1701758463.389698,6565,1.834274172782898
1701758522.50202,7503,1.832681655883789
1701758581.7736013,8441,1.8411076068878174
1701758641.4620926,9379,2.0111045837402344
