Wall time,Step,Value
1701832575.1088727,156,1.923439621925354
1701832589.7511609,313,1.7305819988250732
1701832603.84064,470,1.4546109437942505
1701832618.0807753,627,1.1377354860305786
1701832632.6438973,784,0.9091277122497559
1701832647.3305383,941,1.000775694847107
1701832661.9286788,1098,0.5727999806404114
1701832676.4693952,1255,0.5263524651527405
1701832691.0669951,1412,0.5572915077209473
1701832705.487021,1569,0.5837656855583191
