Wall time,Step,Value
1701831962.3776588,156,0.3384000062942505
1701831977.1384811,313,0.3499000072479248
1701831991.6506011,470,0.49639999866485596
1701832006.2606533,627,0.5105999708175659
1701832020.86304,784,0.7692000269889832
1701832035.4546077,941,0.7335000038146973
1701832049.9336522,1098,0.8090999722480774
1701832064.358035,1255,0.829200029373169
1701832079.1604002,1412,0.8310999870300293
1701832093.5827193,1569,0.7833999991416931
