Wall time,Step,Value
1701831658.942337,156,0.3264000117778778
1701831673.4050655,313,0.33500000834465027
1701831688.4312806,470,0.4763000011444092
1701831703.0020337,627,0.5720999836921692
1701831717.3431373,784,0.6122000217437744
1701831732.2647173,941,0.6772000193595886
1701831746.3581467,1098,0.7833999991416931
1701831760.8913002,1255,0.8166999816894531
1701831775.4110973,1412,0.8050000071525574
1701831789.767742,1569,0.8398000001907349
