Wall time,Step,Value
1701828442.4475954,468,1.6026601791381836
1701828465.4414804,937,1.020935297012329
1701828488.8270981,1406,0.5105289816856384
1701828512.1188285,1875,0.48201847076416016
1701828535.3119879,2344,0.5449060201644897
1701828558.577151,2813,0.5854113101959229
1701828581.0662565,3282,0.4374918043613434
1701828603.9833338,3751,0.5574817657470703
1701828626.8290796,4220,0.4851215183734894
1701828650.2224596,4689,0.4399855434894562
