Wall time,Step,Value
1701758707.2468116,937,0.7271999716758728
1701758766.2494345,1875,0.7484999895095825
1701758825.5198898,2813,0.761900007724762
1701758884.8605862,3751,0.7602999806404114
1701758943.1757858,4689,0.7641000151634216
1701759001.4504206,5627,0.7649999856948853
1701759060.4317687,6565,0.7789999842643738
1701759119.0393682,7503,0.7766000032424927
1701759176.8052912,8441,0.7757999897003174
1701759235.7052422,9379,0.7662000060081482
