Wall time,Step,Value
1701836431.0042202,937,0.5146124362945557
1701836466.8578207,1875,0.49043965339660645
1701836503.76622,2813,0.302058607339859
1701836540.0857465,3751,0.39861607551574707
1701836576.3863447,4689,0.3026421368122101
1701836613.2005727,5627,0.2915121018886566
1701836649.326233,6565,0.2879023551940918
1701836685.484597,7503,0.25855928659439087
1701836721.9807572,8441,0.31340548396110535
1701836758.533389,9379,0.31398823857307434
