Wall time,Step,Value
1701828680.647818,468,0.4668000042438507
1701828704.121758,937,0.6891999840736389
1701828727.2947667,1406,0.8230999708175659
1701828750.4766397,1875,0.8585000038146973
1701828773.8255336,2344,0.8233000040054321
1701828797.0880737,2813,0.8472999930381775
1701828820.1809146,3282,0.8952999711036682
1701828843.0786679,3751,0.9068999886512756
1701828866.656611,4220,0.8963000178337097
1701828889.7136178,4689,0.8931000232696533
