Wall time,Step,Value
1701746602.6571279,937,2.1030404567718506
1701746657.4436028,1875,2.4848055839538574
1701746711.4854047,2813,2.4093174934387207
1701746766.2385464,3751,2.321756362915039
1701746818.9188771,4689,2.5248730182647705
1701746873.873375,5627,2.351425886154175
1701746928.515822,6565,2.2972798347473145
1701746982.4726212,7503,2.2994072437286377
1701747037.661256,8441,2.4146671295166016
1701747091.4599795,9379,2.445366144180298
