Wall time,Step,Value
1701830125.630886,468,0.4207000136375427
1701830148.419531,937,0.6247000098228455
1701830171.4899287,1406,0.7878000140190125
1701830194.4421084,1875,0.8037999868392944
1701830217.7923014,2344,0.8587999939918518
1701830240.577809,2813,0.8586999773979187
1701830263.9623914,3282,0.8669999837875366
1701830287.8545241,3751,0.8661999702453613
1701830311.224496,4220,0.853600025177002
1701830335.0501685,4689,0.8514999747276306
