Wall time,Step,Value
1701823988.8587022,156,1.6571816205978394
1701823997.241626,313,1.5901563167572021
1701824005.1824,470,1.3043631315231323
1701824013.089754,627,0.906944215297699
1701824020.9798281,784,0.7428448796272278
1701824028.9362295,941,0.5543631911277771
1701824036.8968482,1098,0.5376706123352051
1701824044.8083704,1255,0.5030097961425781
1701824052.6580539,1412,0.526930034160614
1701824060.6138732,1569,0.41712212562561035
