Wall time,Step,Value
1701831506.4048812,156,1.9207172393798828
1701831520.9980366,313,1.6713228225708008
1701831535.9207685,470,1.4121521711349487
1701831550.3456438,627,1.1249722242355347
1701831564.4787486,784,0.9113641381263733
1701831579.1420686,941,1.1813021898269653
1701831593.6097946,1098,0.6649436950683594
1701831607.828765,1255,0.5745965838432312
1701831622.0479896,1412,0.6489086151123047
1701831636.8017688,1569,0.5770735740661621
