Wall time,Step,Value
1701820777.1383483,468,0.513700008392334
1701820792.2784224,937,0.5794000029563904
1701820807.421627,1406,0.6082000136375427
1701820822.579336,1875,0.6420000195503235
1701820837.671202,2344,0.6294999718666077
1701820852.9316382,2813,0.6352999806404114
1701820868.179853,3282,0.6431000232696533
1701820883.3033226,3751,0.6341000199317932
1701820898.4371607,4220,0.6335999965667725
1701820913.6469486,4689,0.6484000086784363
