Wall time,Step,Value
1701831506.4047494,156,0.3366999924182892
1701831520.9979484,313,0.3621000051498413
1701831535.920611,470,0.46970000863075256
1701831550.3455691,627,0.630299985408783
1701831564.4786465,784,0.6995999813079834
1701831579.141953,941,0.6265000104904175
1701831593.6096692,1098,0.7785000205039978
1701831607.828695,1255,0.8044000267982483
1701831622.0478728,1412,0.77920001745224
1701831636.801644,1569,0.8091999888420105
