Wall time,Step,Value
1701824238.5957794,156,1.6853379011154175
1701824246.4619036,313,1.5839202404022217
1701824254.2651553,470,1.207213044166565
1701824262.0476487,627,0.9368152618408203
1701824269.9698725,784,0.673871636390686
1701824277.8200893,941,0.4351065456867218
1701824285.686832,1098,0.4307066798210144
1701824293.5095007,1255,0.37707147002220154
1701824301.321326,1412,0.3081279993057251
1701824309.2002037,1569,0.3028101623058319
