Wall time,Step,Value
1701822021.2177505,468,0.5130000114440918
1701822036.3365657,937,0.8205000162124634
1701822051.4465997,1406,0.8842999935150146
1701822066.5177498,1875,0.8762999773025513
1701822081.4770122,2344,0.9169999957084656
1701822096.532748,2813,0.9218999743461609
1701822111.6186016,3282,0.9158999919891357
1701822126.6257565,3751,0.9419000148773193
1701822141.7474458,4220,0.9269000291824341
1701822156.7788005,4689,0.9402999877929688
