Wall time,Step,Value
1701823491.8125005,156,0.3515999913215637
1701823499.6561072,313,0.4555000066757202
1701823507.5216959,470,0.535099983215332
1701823515.3996453,627,0.5575000047683716
1701823523.3007247,784,0.5703999996185303
1701823531.2950528,941,0.6003000140190125
1701823539.1121552,1098,0.5834000110626221
1701823546.9320242,1255,0.6043999791145325
1701823554.7927,1412,0.592199981212616
1701823562.5817215,1569,0.6043999791145325
