Wall time,Step,Value
1701824156.0654113,156,0.38670000433921814
1701824163.8712912,313,0.444599986076355
1701824171.6537106,470,0.6108999848365784
1701824179.4869587,627,0.7580999732017517
1701824187.4232972,784,0.8260999917984009
1701824195.2756572,941,0.8666999936103821
1701824203.0642447,1098,0.8780999779701233
1701824210.9213457,1255,0.8880000114440918
1701824218.8035035,1412,0.8944000005722046
1701824226.6051865,1569,0.8914999961853027
