Wall time,Step,Value
1701831811.6457512,156,1.9172837734222412
1701831826.0848236,313,1.7431447505950928
1701831840.4526489,470,1.794337511062622
1701831854.570377,627,1.5206403732299805
1701831869.285455,784,1.511332631111145
1701831883.5076663,941,1.091133952140808
1701831897.7250364,1098,0.8668503761291504
1701831912.3261945,1255,0.6701200604438782
1701831926.4905934,1412,0.66208815574646
1701831940.886502,1569,0.6009365916252136
