Wall time,Step,Value
1701837912.5063474,937,0.5297362804412842
1701837949.1471908,1875,0.5020252466201782
1701837985.3701184,2813,0.37067970633506775
1701838022.2337208,3751,0.3575306236743927
1701838058.7559624,4689,0.3593391180038452
1701838094.84835,5627,0.3232854902744293
1701838130.8034787,6565,0.49282675981521606
1701838167.2712977,7503,0.3819139301776886
1701838203.6441529,8441,0.34211990237236023
1701838240.1243792,9379,0.27822476625442505
