Wall time,Step,Value
1701824073.1299467,156,1.7053521871566772
1701824080.9881728,313,1.4163869619369507
1701824088.9662664,470,1.0455886125564575
1701824096.8504133,627,0.6213578581809998
1701824104.715237,784,0.5725698471069336
1701824112.6557446,941,0.46930932998657227
1701824120.5385811,1098,0.4000672996044159
1701824128.370371,1255,0.33921778202056885
1701824136.2100894,1412,0.33491775393486023
1701824144.022097,1569,0.2797386944293976
