Wall time,Step,Value
1701830366.390548,468,1.7330347299575806
1701830389.4804893,937,1.0358046293258667
1701830412.9467862,1406,0.4859118163585663
1701830436.2534895,1875,0.3991980254650116
1701830459.486813,2344,0.4680570662021637
1701830483.0597632,2813,0.37954315543174744
1701830506.9666185,3282,0.400204062461853
1701830530.9606824,3751,0.33266985416412354
1701830554.7538412,4220,0.39949890971183777
1701830577.993706,4689,0.3918986916542053
