Wall time,Step,Value
1701745491.1220238,937,0.8332666754722595
1701745547.6205885,1875,0.9711499810218811
1701745604.285262,2813,0.9783166646957397
1701745660.7888134,3751,0.9804499745368958
1701745716.13725,4689,0.9827166795730591
1701745770.740552,5627,0.9835166931152344
1701745826.6697576,6565,0.9850833415985107
1701745880.8062396,7503,0.9856833219528198
1701745937.249349,8441,0.9873833060264587
1701745990.9134326,9379,0.9874666929244995
