Wall time,Step,Value
1701823657.3859186,156,0.38999998569488525
1701823665.2305171,313,0.5465999841690063
1701823673.398193,470,0.6248000264167786
1701823681.602919,627,0.6682999730110168
1701823689.5640407,784,0.6668999791145325
1701823697.4283357,941,0.6858999729156494
1701823705.2870338,1098,0.6790000200271606
1701823713.098906,1255,0.6790000200271606
1701823720.939973,1412,0.6945000290870667
1701823728.8339586,1569,0.7067999839782715
