Wall time,Step,Value
1701821865.7433527,468,1.0305523872375488
1701821880.7818432,937,0.4308846592903137
1701821895.7581317,1406,0.31642934679985046
1701821910.7736013,1875,0.30490419268608093
1701821926.1321175,2344,0.2714192271232605
1701821941.1366105,2813,0.23077920079231262
1701821956.203489,3282,0.2367710918188095
1701821971.3127012,3751,0.1916850507259369
1701821986.5135555,4220,0.22142186760902405
1701822001.5691953,4689,0.21179133653640747
