Wall time,Step,Value
1701820932.9191759,468,0.5817999839782715
1701820948.0811813,937,0.629800021648407
1701820963.1712658,1406,0.6564000248908997
1701820978.2455094,1875,0.6696000099182129
1701820993.2691722,2344,0.6811000108718872
1701821008.4241054,2813,0.6765000224113464
1701821023.5903282,3282,0.6751999855041504
1701821038.7655463,3751,0.6805999875068665
1701821053.8465693,4220,0.6686000227928162
1701821068.9481394,4689,0.6905999779701233
