Wall time,Step,Value
1701821397.6995642,468,0.6090999841690063
1701821413.0553348,937,0.7516000270843506
1701821428.2213361,1406,0.784500002861023
1701821443.283996,1875,0.798799991607666
1701821458.5013628,2344,0.8077999949455261
1701821473.613263,2813,0.7843999862670898
1701821488.6512663,3282,0.791100025177002
1701821503.7442937,3751,0.808899998664856
1701821519.0832572,4220,0.7778000235557556
1701821534.8983111,4689,0.8165000081062317
