Wall time,Step,Value
1701821711.03578,468,0.5878999829292297
1701821726.1497338,937,0.8205000162124634
1701821741.2153077,1406,0.8492000102996826
1701821756.4288738,1875,0.857200026512146
1701821771.593178,2344,0.871999979019165
1701821786.6489534,2813,0.883400022983551
1701821801.6693943,3282,0.8748000264167786
1701821816.671296,3751,0.8830000162124634
1701821831.663104,4220,0.8669000267982483
1701821846.6348672,4689,0.8948000073432922
