Wall time,Step,Value
1701759301.5991795,937,0.7486000061035156
1701759361.3337605,1875,0.7839000225067139
1701759420.1228523,2813,0.7994999885559082
1701759478.4099743,3751,0.7940999865531921
1701759537.986276,4689,0.8108999729156494
1701759596.7889154,5627,0.8047000169754028
1701759655.0895565,6565,0.8220000267028809
1701759713.544967,7503,0.8118000030517578
1701759772.6371498,8441,0.8082000017166138
1701759832.9239557,9379,0.8264999985694885
