Wall time,Step,Value
1701832727.0967438,156,0.3334999978542328
