Wall time,Step,Value
1701823740.9063852,156,1.9299169778823853
1701823748.7613232,313,1.8318721055984497
1701823756.6482818,470,1.63124680519104
1701823764.6299899,627,1.2298452854156494
1701823772.5384312,784,1.3970836400985718
1701823780.4343112,941,1.2117812633514404
1701823788.3152788,1098,1.3425191640853882
1701823796.1673124,1255,1.3909789323806763
1701823803.97245,1412,1.3668113946914673
1701823811.8133256,1569,1.3534067869186401
