Wall time,Step,Value
1701836431.0040886,937,0.8381999731063843
1701836466.8577116,1875,0.8489000201225281
1701836503.766075,2813,0.9023000001907349
1701836540.0856667,3751,0.8729000091552734
1701836576.3862293,4689,0.9010999798774719
1701836613.200415,5627,0.9070000052452087
1701836649.3260531,6565,0.9046000242233276
1701836685.4845088,7503,0.9203000068664551
1701836721.980576,8441,0.9052000045776367
1701836758.5332808,9379,0.9031999707221985
