Wall time,Step,Value
1701823906.5010347,156,0.3605000078678131
1701823914.3423433,313,0.4431999921798706
1701823922.1851044,470,0.6735000014305115
1701823930.009019,627,0.758400022983551
1701823937.8168461,784,0.7955999970436096
1701823945.6743793,941,0.7982000112533569
1701823953.4997633,1098,0.8162000179290771
1701823961.344921,1255,0.8087000250816345
1701823969.156058,1412,0.8125
1701823976.9449022,1569,0.840399980545044
