Wall time,Step,Value
1701793346.9885137,937,0.609666645526886
1701793402.8180234,1875,0.25040867924690247
1701793458.028873,2813,0.19289401173591614
1701793513.8486536,3751,0.17584681510925293
1701793568.867523,4689,0.15608935058116913
1701793624.564395,5627,0.23967604339122772
1701793679.0744584,6565,0.1359262764453888
1701793733.3580384,7503,0.13021495938301086
1701793789.256866,8441,0.1298290640115738
1701793843.5960727,9379,0.12409541010856628
