Wall time,Step,Value
1701820777.1384578,468,2.5367987155914307
1701820792.278535,937,2.4681103229522705
1701820807.4217482,1406,2.5682263374328613
1701820822.5794356,1875,2.4761013984680176
1701820837.6713102,2344,2.439032554626465
1701820852.9318006,2813,2.5892114639282227
1701820868.1799574,3282,2.5848286151885986
1701820883.3034132,3751,2.6207423210144043
1701820898.437283,4220,2.789825201034546
1701820913.6470482,4689,2.7691688537597656
