Wall time,Step,Value
1701823657.3860278,156,2.0483970642089844
1701823665.23065,313,1.9705562591552734
1701823673.3983111,470,1.9103212356567383
1701823681.6030352,627,1.6320706605911255
1701823689.5641487,784,1.8103761672973633
1701823697.428446,941,1.7508877515792847
1701823705.2871573,1098,1.7886203527450562
1701823713.0990417,1255,1.8720663785934448
1701823720.9400802,1412,1.8496054410934448
1701823728.8341186,1569,1.8324048519134521
