Wall time,Step,Value
1701834900.5695734,49,2.3089075088500977
1701834901.9245865,99,2.281435012817383
1701834903.3138397,149,2.071984052658081
