Wall time,Step,Value
1701836802.123077,937,0.47983822226524353
1701836838.5214791,1875,0.4116506278514862
1701836874.8918338,2813,0.3638686537742615
1701836910.606493,3751,0.37564411759376526
1701836946.6516736,4689,0.37156423926353455
1701836982.2496994,5627,0.3364948034286499
1701837018.5753694,6565,0.33828499913215637
1701837054.6873646,7503,0.27489855885505676
1701837090.5057364,8441,0.3335742652416229
1701837126.8161628,9379,0.28979700803756714
