Wall time,Step,Value
1701835319.4052296,937,0.8228999972343445
1701835355.1323905,1875,0.854200005531311
1701835391.7521276,2813,0.8794999718666077
1701835427.775663,3751,0.8355000019073486
1701835464.4101925,4689,0.9125999808311462
1701835500.6302452,5627,0.8937000036239624
1701835536.9854252,6565,0.8822000026702881
1701835573.0221481,7503,0.9290000200271606
1701835608.982044,8441,0.8924000263214111
1701835644.8250122,9379,0.9156000018119812
