Wall time,Step,Value
1701828205.7447476,468,0.43529999256134033
1701828228.974987,937,0.5113999843597412
1701828251.4687142,1406,0.707099974155426
1701828273.9143662,1875,0.7832000255584717
1701828296.9407616,2344,0.8209999799728394
1701828319.6786926,2813,0.7993999719619751
1701828342.9165354,3282,0.8159999847412109
1701828365.6016746,3751,0.8133000135421753
1701828388.8070674,4220,0.7846999764442444
1701828412.235984,4689,0.7980999946594238
