Wall time,Step,Value
1701837912.5062344,937,0.8285999894142151
1701837949.1470592,1875,0.857200026512146
1701837985.36998,2813,0.8819000124931335
1701838022.2335823,3751,0.8852999806404114
1701838058.755838,4689,0.8892999887466431
1701838094.8482485,5627,0.894599974155426
1701838130.8033984,6565,0.8399999737739563
1701838167.2710955,7503,0.8892999887466431
1701838203.643962,8441,0.8988000154495239
1701838240.124261,9379,0.9114999771118164
