Wall time,Step,Value
1701829642.2261753,468,0.4447999894618988
1701829665.6307588,937,0.635699987411499
1701829688.995961,1406,0.7889999747276306
1701829712.5645163,1875,0.8377000093460083
1701829736.2762692,2344,0.8553000092506409
1701829760.0399883,2813,0.8575999736785889
1701829783.41219,3282,0.8955000042915344
1701829807.0197926,3751,0.8496000170707703
1701829830.7206843,4220,0.8722000122070312
1701829854.3441687,4689,0.8781999945640564
