Wall time,Step,Value
1701830609.1459494,468,0.4239000082015991
1701830633.2328234,937,0.5756000280380249
1701830657.7400541,1406,0.7415000200271606
1701830681.527991,1875,0.8230999708175659
1701830705.1404428,2344,0.8367999792098999
1701830728.870327,2813,0.8543999791145325
1701830751.804579,3282,0.8740000128746033
1701830774.1670723,3751,0.8797000050544739
1701830797.2816932,4220,0.8597000241279602
1701830820.4255323,4689,0.8464000225067139
