Wall time,Step,Value
1701832268.739834,156,0.3375000059604645
1701832283.1241941,313,0.38350000977516174
1701832297.6215444,470,0.39250001311302185
1701832312.2442944,627,0.4526999890804291
1701832326.7815583,784,0.5281000137329102
1701832341.5119774,941,0.5720000267028809
1701832356.0416443,1098,0.7971000075340271
1701832370.5781593,1255,0.8202999830245972
1701832385.0392857,1412,0.8084999918937683
1701832399.6569893,1569,0.8355000019073486
