Wall time,Step,Value
1701831962.3778138,156,1.911238670349121
1701831977.1385977,313,1.6957224607467651
1701831991.6507487,470,1.372160792350769
1701832006.2607775,627,1.2419297695159912
1701832020.8631287,784,0.7605897784233093
1701832035.4547212,941,0.823127269744873
1701832049.933814,1098,0.5944625735282898
1701832064.3581524,1255,0.515328049659729
1701832079.1605105,1412,0.5116216540336609
1701832093.582832,1569,0.646258533000946
