Wall time,Step,Value
1701744906.2612038,937,0.4481000006198883
1701744962.33473,1875,0.47530001401901245
1701745020.618082,2813,0.49900001287460327
1701745078.3834302,3751,0.482699990272522
1701745136.4057927,4689,0.49559998512268066
1701745194.8793733,5627,0.5205000042915344
1701745253.240334,6565,0.5094000101089478
1701745310.890361,7503,0.5246000289916992
1701745369.550122,8441,0.5030999779701233
1701745427.1904287,9379,0.5400000214576721
