Wall time,Step,Value
1701822176.1224248,468,1.1762977838516235
1701822191.2019897,937,0.4607638120651245
1701822206.3482893,1406,0.3094750940799713
1701822221.5520332,1875,0.31507042050361633
1701822236.6976476,2344,0.28807684779167175
1701822251.8924367,2813,0.20255829393863678
1701822266.9226155,3282,0.20540910959243774
1701822282.0352154,3751,0.1716707944869995
1701822297.3677716,4220,0.1723470836877823
1701822312.4815843,4689,0.1618737429380417
