Wall time,Step,Value
1701830125.630956,468,1.5785746574401855
1701830148.4196641,937,1.1466410160064697
1701830171.490123,1406,0.7022629380226135
1701830194.4422252,1875,0.6414750218391418
1701830217.792394,2344,0.4714350700378418
1701830240.5778954,2813,0.44065067172050476
1701830263.9625769,3282,0.414124459028244
1701830287.8546133,3751,0.42105162143707275
1701830311.2246625,4220,0.5076435804367065
1701830335.0503125,4689,0.4988606572151184
