Wall time,Step,Value
1701745491.09291,937,0.515500009059906
1701745547.553048,1875,0.5475999712944031
1701745604.2534797,2813,0.5504999756813049
1701745660.7622728,3751,0.5764999985694885
1701745716.1233735,4689,0.5616999864578247
1701745770.7266376,5627,0.5629000067710876
1701745826.6415038,6565,0.5769000053405762
1701745880.7720156,7503,0.5871999859809875
1701745937.2344484,8441,0.5730000138282776
1701745990.8853178,9379,0.5963000059127808
