Wall time,Step,Value
1701823823.7147968,156,1.8476216793060303
1701823831.5513513,313,1.5933396816253662
1701823839.402231,470,1.1432974338531494
1701823847.2460647,627,0.8753688335418701
1701823855.074889,784,1.0154945850372314
1701823862.9314861,941,0.9312111139297485
1701823870.8209143,1098,0.9995807409286499
1701823878.7240644,1255,0.9648231267929077
1701823886.595079,1412,0.9419185519218445
1701823894.5217564,1569,0.9433644413948059
