Wall time,Step,Value
1701829157.254938,468,1.5357474088668823
1701829180.0473173,937,1.1456398963928223
1701829203.8209884,1406,1.1189043521881104
1701829227.057767,1875,0.8132201433181763
1701829250.2160995,2344,0.5536624789237976
1701829273.7473645,2813,0.4756406247615814
1701829297.418613,3282,0.5438678860664368
1701829321.2099872,3751,0.4964209496974945
1701829344.8710113,4220,0.5461390018463135
1701829368.1984236,4689,0.3651600480079651
