Wall time,Step,Value
1701760488.2992449,937,0.828000009059906
1701760545.7419314,1875,0.8744000196456909
1701760603.6977973,2813,0.8895000219345093
1701760661.5790884,3751,0.8949000239372253
1701760719.3550847,4689,0.8956000208854675
1701760777.1074011,5627,0.8763999938964844
1701760835.0904815,6565,0.9157000184059143
1701760892.7833571,7503,0.914900004863739
1701760951.2986798,8441,0.9139999747276306
1701761010.0746887,9379,0.9138000011444092
