Wall time,Step,Value
1701821088.0210924,468,1.9055750370025635
1701821103.147221,937,1.7475738525390625
1701821118.2940853,1406,1.7533167600631714
1701821133.3540854,1875,1.806335687637329
1701821148.5287347,2344,1.6103414297103882
1701821163.6205807,2813,1.782440185546875
1701821178.7548366,3282,1.8373459577560425
1701821193.7699072,3751,1.85237455368042
1701821208.7226605,4220,1.8730521202087402
1701821223.922171,4689,1.6952072381973267
