Wall time,Step,Value
1701744906.2613425,937,3.0021495819091797
1701744962.3348007,1875,3.4679746627807617
1701745020.6181862,2813,3.427466869354248
1701745078.3835797,3751,3.380612850189209
1701745136.4059484,4689,3.684091329574585
1701745194.8795621,5627,3.13785457611084
1701745253.2404454,6565,3.8405702114105225
1701745310.8905463,7503,3.474996566772461
1701745369.5502203,8441,3.6667418479919434
1701745427.1906073,9379,3.4680538177490234
