Wall time,Step,Value
1701822176.1223154,468,0.636900007724762
1701822191.2017958,937,0.8659999966621399
1701822206.348181,1406,0.9060999751091003
1701822221.5519257,1875,0.900600016117096
1701822236.6975148,2344,0.9128000140190125
1701822251.8923268,2813,0.9363999962806702
1701822266.922482,3282,0.9350000023841858
1701822282.0351136,3751,0.9434000253677368
1701822297.3676634,4220,0.946399986743927
1701822312.4814696,4689,0.9502999782562256
