Wall time,Step,Value
1701792226.3467693,937,0.7906000018119812
1701792282.1819534,1875,0.9082000255584717
1701792337.331435,2813,0.920199990272522
1701792393.7152333,3751,0.9226999878883362
1701792449.8279295,4689,0.9318000078201294
1701792504.3122568,5627,0.9340999722480774
1701792559.1520534,6565,0.9404000043869019
1701792614.733413,7503,0.9429000020027161
1701792670.0924375,8441,0.95169997215271
1701792725.975831,9379,0.9584000110626221
