Wall time,Step,Value
1701792788.47489,937,0.601412296295166
1701792843.3914154,1875,0.3100183308124542
1701792898.563378,2813,0.2299288809299469
1701792953.1321483,3751,0.19986587762832642
1701793008.0834954,4689,0.16514913737773895
1701793063.5604267,5627,0.19348159432411194
1701793118.2950838,6565,0.13807465136051178
1701793174.0822322,7503,0.14497873187065125
1701793228.9492447,8441,0.12042611092329025
1701793285.046788,9379,0.1257946640253067
