Wall time,Step,Value
1701792788.474743,937,0.8046000003814697
1701792843.3912978,1875,0.9003999829292297
1701792898.5632544,2813,0.9276999831199646
1701792953.131961,3751,0.9326000213623047
1701793008.0833962,4689,0.9453999996185303
1701793063.5603137,5627,0.9408000111579895
1701793118.2949865,6565,0.9562000036239624
1701793174.0821104,7503,0.9557999968528748
1701793228.9491217,8441,0.9632999897003174
1701793285.046652,9379,0.9607999920845032
