Wall time,Step,Value
1701828680.6479154,468,1.4904457330703735
1701828704.1218772,937,0.9685699939727783
1701828727.2949193,1406,0.5321416258811951
1701828750.4767685,1875,0.4480133354663849
1701828773.825637,2344,0.5759121179580688
1701828797.0881615,2813,0.471675306558609
1701828820.1810489,3282,0.317928284406662
1701828843.0787616,3751,0.2905333638191223
1701828866.6567142,4220,0.3417688012123108
1701828889.713768,4689,0.341231107711792
