Wall time,Step,Value
1701834019.7674944,937,0.8312000036239624
1701834056.0451138,1875,0.8468999862670898
1701834093.0994618,2813,0.8720999956130981
1701834129.4376917,3751,0.8916000127792358
1701834165.9289036,4689,0.909500002861023
1701834202.3016214,5627,0.8920999765396118
1701834238.029564,6565,0.8966000080108643
1701834273.5213406,7503,0.9200000166893005
1701834309.6903675,8441,0.8938999772071838
1701834345.8396783,9379,0.9050999879837036
