Wall time,Step,Value
1701834019.7676187,937,0.5385457277297974
1701834056.0451846,1875,0.5764486789703369
1701834093.0996094,2813,0.40000519156455994
1701834129.437841,3751,0.3329152464866638
1701834165.9290652,4689,0.2885752320289612
1701834202.30174,5627,0.33403486013412476
1701834238.0297005,6565,0.31477442383766174
1701834273.5214167,7503,0.24485713243484497
1701834309.6905277,8441,0.3378181755542755
1701834345.839802,9379,0.3089948892593384
