Wall time,Step,Value
1701832880.3572137,156,0.33079999685287476
1701832894.7050343,313,0.34220001101493835
1701832908.8720198,470,0.4830000102519989
1701832923.4326947,627,0.5198000073432922
1701832937.7295752,784,0.6729999780654907
1701832952.3818977,941,0.6833999752998352
1701832966.6992397,1098,0.7915999889373779
1701832980.7442133,1255,0.8091999888420105
1701832994.4693406,1412,0.8014000058174133
1701833008.8870754,1569,0.8136000037193298
