Wall time,Step,Value
1701821397.6996682,468,1.3742676973342896
1701821413.0554433,937,0.9798827171325684
1701821428.221444,1406,0.9171598553657532
1701821443.2841058,1875,0.9107910990715027
1701821458.5014694,2344,0.7873383164405823
1701821473.613369,2813,0.9591587781906128
1701821488.6513703,3282,0.9262617230415344
1701821503.7443879,3751,0.9076695442199707
1701821519.0833917,4220,1.0740653276443481
1701821534.8984194,4689,0.8495979309082031
