Wall time,Step,Value
1701746051.5969706,937,2.399139165878296
1701746107.013996,1875,2.91015362739563
1701746162.1862404,2813,3.020185708999634
1701746217.0357516,3751,2.6228692531585693
1701746271.5704198,4689,3.028193473815918
1701746325.8180244,5627,2.6332333087921143
1701746380.468024,6565,2.8928191661834717
1701746434.332466,7503,2.925057888031006
1701746489.4545617,8441,2.98899245262146
1701746543.2040322,9379,2.7961952686309814
