Wall time,Step,Value
1701745491.0930324,937,2.7971630096435547
1701745547.553137,1875,3.2505505084991455
1701745604.2536356,2813,3.297013282775879
1701745660.7624288,3751,3.0684354305267334
1701745716.1234567,4689,3.2389678955078125
1701745770.7267637,5627,2.982321262359619
1701745826.6416218,6565,3.427997350692749
1701745880.7721186,7503,3.177654981613159
1701745937.234572,8441,3.484961748123169
1701745990.8854256,9379,2.9545373916625977
