Wall time,Step,Value
1701820621.9001012,468,2.7127063274383545
1701820636.99632,937,2.707122802734375
1701820652.1496482,1406,2.8124661445617676
1701820667.2977946,1875,2.9782915115356445
1701820682.3977022,2344,3.2119083404541016
1701820697.542211,2813,3.0352392196655273
1701820712.6145842,3282,3.0522143840789795
1701820727.6247385,3751,3.250789165496826
1701820742.8007553,4220,3.328338623046875
1701820757.9102867,4689,3.217747449874878
