Wall time,Step,Value
1701823574.5744817,156,0.3783000111579895
1701823582.481746,313,0.5117999911308289
1701823590.323148,470,0.5794000029563904
1701823598.1408205,627,0.6191999912261963
1701823605.9996994,784,0.631600022315979
1701823613.8753424,941,0.6431000232696533
1701823621.7483087,1098,0.6517999768257141
1701823629.6100016,1255,0.6421999931335449
1701823637.4804173,1412,0.6607999801635742
1701823645.311674,1569,0.6438000202178955
