Wall time,Step,Value
1701792788.5032587,937,0.5355333089828491
1701792843.422174,1875,0.8826666474342346
1701792898.5912452,2813,0.9190166592597961
1701792953.1686416,3751,0.9346166849136353
1701793008.113473,4689,0.9413999915122986
1701793063.5771573,5627,0.9463333487510681
1701793118.3218992,6565,0.9503833055496216
1701793174.0955544,7503,0.9546999931335449
1701793228.9772153,8441,0.9548500180244446
1701793285.059923,9379,0.9590833187103271
