Wall time,Step,Value
1701837170.8174384,937,0.8123000264167786
1701837207.472216,1875,0.8726000189781189
1701837243.2759874,2813,0.8849999904632568
1701837279.3990748,3751,0.8873999714851379
1701837315.6454685,4689,0.9031000137329102
1701837351.7423146,5627,0.899399995803833
1701837387.6490653,6565,0.902999997138977
1701837424.1127036,7503,0.9110000133514404
1701837460.5811577,8441,0.9120000004768372
1701837496.508407,9379,0.9083999991416931
