Wall time,Step,Value
1701829885.0522745,468,0.4726000130176544
1701829908.485881,937,0.6636999845504761
1701829931.62033,1406,0.7853999733924866
1701829955.147234,1875,0.8009999990463257
1701829978.8226914,2344,0.8015000224113464
1701830002.2252216,2813,0.8206999897956848
1701830024.9395232,3282,0.808899998664856
1701830048.3927913,3751,0.8246999979019165
1701830072.0020955,4220,0.8765000104904175
1701830094.807927,4689,0.8801000118255615
