Wall time,Step,Value
1701836058.6507955,937,0.5236383080482483
1701836095.4319336,1875,0.44820430874824524
1701836132.0293145,2813,0.369718074798584
1701836168.23906,3751,0.28084051609039307
1701836204.7829235,4689,0.3148472011089325
1701836241.4313848,5627,0.2971828579902649
1701836278.0522542,6565,0.37535035610198975
1701836313.8957725,7503,0.26899582147598267
1701836350.1116798,8441,0.28893980383872986
1701836386.9103975,9379,0.22254951298236847
