Wall time,Step,Value
1701837540.454823,937,0.5928018093109131
1701837577.5776844,1875,0.42421185970306396
1701837614.0947266,2813,0.3335021138191223
1701837650.0050557,3751,0.328762024641037
1701837686.0357962,4689,0.3124856650829315
1701837722.7205594,5627,0.29069072008132935
1701837759.2707217,6565,0.32862675189971924
1701837796.0933473,7503,0.2755109965801239
1701837832.9622836,8441,0.33981361985206604
1701837869.2080235,9379,0.28398630023002625
