Wall time,Step,Value
1701832421.4920037,156,0.3361999988555908
1701832435.7732441,313,0.32339999079704285
1701832450.4980578,470,0.47119998931884766
1701832465.2614367,627,0.5260000228881836
1701832480.0692775,784,0.7253999710083008
1701832494.8043947,941,0.656499981880188
1701832509.604191,1098,0.8165000081062317
1701832524.1171591,1255,0.8047000169754028
1701832538.4106357,1412,0.8137999773025513
1701832552.6314547,1569,0.8125
