Wall time,Step,Value
1701829399.0538409,468,1.4513001441955566
1701829422.4413276,937,1.1205283403396606
1701829446.2163422,1406,0.7181630730628967
1701829470.043176,1875,0.5959019660949707
1701829493.625834,2344,0.6246744394302368
1701829517.3969922,2813,0.5225088000297546
1701829540.934536,3282,0.4456137716770172
1701829564.04373,3751,0.4799768030643463
1701829587.344141,4220,0.5120970606803894
1701829611.0505383,4689,0.3702222406864166
