Wall time,Step,Value
1701746051.5968857,937,0.590399980545044
1701746107.0138783,1875,0.6144000291824341
1701746162.1861145,2813,0.6116999983787537
1701746217.0356586,3751,0.6363999843597412
1701746271.5702891,4689,0.611299991607666
1701746325.8179286,5627,0.6312999725341797
1701746380.4679134,6565,0.6545000076293945
1701746434.3323376,7503,0.6470000147819519
1701746489.4544022,8441,0.6366000175476074
1701746543.2039177,9379,0.6538000106811523
